,TemperatureC,Dew PointC,Humidity,Sea Level PressurehPa,Wind SpeedKm/h,Month_1,Month_2,Month_3,Month_4,Month_5,Month_6,Month_7,Month_8,Month_9,Month_10,Month_11,Month_12,Weekday_0,Weekday_1,Weekday_2,Weekday_3,Weekday_4,Weekday_5,Weekday_6,Hour_0,Hour_1,Hour_2,Hour_3,Hour_4,Hour_5,Hour_6,Hour_7,Hour_8,Hour_9,Hour_10,Hour_11,Hour_12,Hour_13,Hour_14,Hour_15,Hour_16,Hour_17,Hour_18,Hour_19,Hour_20,Hour_21,Hour_22,Hour_23,Power consumption
2015/1/2 0:51,-0.9179229854912642,-1.2558309236086587,0.04433067256946066,-0.2523208199860624,-0.39744028847974955,True,False,False,False,False,False,False,False,False,False,False,False,False,False,False,False,True,False,False,True,False,False,False,False,False,False,False,False,False,False,False,False,False,False,False,False,False,False,False,False,False,False,False,171.9
2015/1/2 1:51,-1.0919243268926384,-1.0657135424063386,0.45808361655109353,-0.17777383993272078,0.5560696729765745,True,False,False,False,False,False,False,False,False,False,False,False,False,False,False,False,True,False,False,False,True,False,False,False,False,False,False,False,False,False,False,False,False,False,False,False,False,False,False,False,False,False,False,163.11
2015/1/2 2:51,-1.2659256682940125,-0.9072823914044053,0.8127289971067788,-0.1529248465816352,0.24401186740905045,True,False,False,False,False,False,False,False,False,False,False,False,False,False,False,False,True,False,False,False,False,True,False,False,False,False,False,False,False,False,False,False,False,False,False,False,False,False,False,False,False,False,False,165.65
2015/1/2 3:51,-1.2659256682940125,-1.0657135424063386,0.6945138702548838,-0.20262283328383465,-0.08538248291222518,True,False,False,False,False,False,False,False,False,False,False,False,False,False,False,False,True,False,False,False,False,False,True,False,False,False,False,False,False,False,False,False,False,False,False,False,False,False,False,False,False,False,False,167.99
2015/1/2 4:51,-1.2659256682940125,-1.2558309236086587,0.5171911799770411,-0.22747182663494853,0.5560696729765745,True,False,False,False,False,False,False,False,False,False,False,False,False,False,False,False,True,False,False,False,False,False,False,True,False,False,False,False,False,False,False,False,False,False,False,False,False,False,False,False,False,False,False,174.47
2015/1/2 5:51,-1.613928351096761,-0.7171650102020853,1.6402348850700446,-0.32686780003937577,-0.39744028847974955,True,False,False,False,False,False,False,False,False,False,False,False,False,False,False,False,True,False,False,False,False,False,False,False,True,False,False,False,False,False,False,False,False,False,False,False,False,False,False,False,False,False,False,185.78
2015/1/2 6:51,-1.7088381736793283,-0.7171650102020853,1.8175575753478872,-0.3517167933904896,-0.39744028847974955,True,False,False,False,False,False,False,False,False,False,False,False,False,False,False,False,True,False,False,False,False,False,False,False,False,True,False,False,False,False,False,False,False,False,False,False,False,False,False,False,False,False,False,200.62
2015/1/2 7:51,-1.7088381736793283,-1.0657135424063386,1.462912194792202,-0.42626377344380295,0.24401186740905045,True,False,False,False,False,False,False,False,False,False,False,False,False,False,False,False,True,False,False,False,False,False,False,False,False,False,True,False,False,False,False,False,False,False,False,False,False,False,False,False,False,False,False,214.67
2015/1/2 8:51,-1.787929692498135,-1.0657135424063386,1.6402348850700446,-0.5008107534971445,-1.3682867946898247,True,False,False,False,False,False,False,False,False,False,False,False,False,False,False,False,True,False,False,False,False,False,False,False,False,False,False,True,False,False,False,False,False,False,False,False,False,False,False,False,False,False,False,226.76
2015/1/2 9:51,-1.787929692498135,-1.0657135424063386,1.6402348850700446,-0.4759617601460307,-1.3682867946898247,True,False,False,False,False,False,False,False,False,False,False,False,False,False,False,False,True,False,False,False,False,False,False,False,False,False,False,False,True,False,False,False,False,False,False,False,False,False,False,False,False,False,False,222.49
2015/1/2 10:51,-1.8828395150807027,-1.0657135424063386,1.8175575753478872,-0.6002067269015718,-1.3682867946898247,True,False,False,False,False,False,False,False,False,False,False,False,False,False,False,False,True,False,False,False,False,False,False,False,False,False,False,False,False,True,False,False,False,False,False,False,False,False,False,False,False,False,False,216.62
2015/1/2 11:51,-1.961931033899509,-1.0657135424063386,1.9948802656257298,-0.6499047136037995,-0.08538248291222518,True,False,False,False,False,False,False,False,False,False,False,False,False,False,False,False,True,False,False,False,False,False,False,False,False,False,False,False,False,False,True,False,False,False,False,False,False,False,False,False,False,False,False,215.58
2015/1/2 12:51,-2.0568408564820766,-1.0657135424063386,2.1722029559035723,-0.699602700305999,-0.08538248291222518,True,False,False,False,False,False,False,False,False,False,False,False,False,False,False,False,True,False,False,False,False,False,False,False,False,False,False,False,False,False,False,True,False,False,False,False,False,False,False,False,False,False,False,214.3
2015/1/2 13:51,-2.0568408564820766,-1.0657135424063386,2.1722029559035723,-0.6002067269015718,-1.3682867946898247,True,False,False,False,False,False,False,False,False,False,False,False,False,False,False,False,True,False,False,False,False,False,False,False,False,False,False,False,False,False,False,False,True,False,False,False,False,False,False,False,False,False,False,206.13
2015/1/2 14:51,-1.961931033899509,-1.0657135424063386,1.9948802656257298,-0.45111276679491685,-0.08538248291222518,True,False,False,False,False,False,False,False,False,False,False,False,False,False,False,False,True,False,False,False,False,False,False,False,False,False,False,False,False,False,False,False,False,True,False,False,False,False,False,False,False,False,False,190.77
2015/1/2 15:51,-1.787929692498135,-1.0657135424063386,1.6402348850700446,-0.30201880668826186,0.24401186740905045,True,False,False,False,False,False,False,False,False,False,False,False,False,False,False,False,True,False,False,False,False,False,False,False,False,False,False,False,False,False,False,False,False,False,True,False,False,False,False,False,False,False,False,163.47
2015/1/2 16:51,-1.4399270096953865,-0.9072823914044053,1.1082668142365166,-0.2523208199860624,0.24401186740905045,True,False,False,False,False,False,False,False,False,False,False,False,False,False,False,False,True,False,False,False,False,False,False,False,False,False,False,False,False,False,False,False,False,False,False,True,False,False,False,False,False,False,False,143.69
2015/1/2 17:51,-1.1710158457114448,-1.0657135424063386,0.5762987434029886,-0.37656578674160346,-0.39744028847974955,True,False,False,False,False,False,False,False,False,False,False,False,False,False,False,False,True,False,False,False,False,False,False,False,False,False,False,False,False,False,False,False,False,False,False,False,True,False,False,False,False,False,False,115.79
2015/1/2 18:51,-0.9179229854912642,-1.7628106068148457,-0.2512071445602771,-0.6747537069548851,-1.3682867946898247,True,False,False,False,False,False,False,False,False,False,False,False,False,False,False,False,True,False,False,False,False,False,False,False,False,False,False,False,False,False,False,False,False,False,False,False,False,True,False,False,False,False,False,106.92
2015/1/2 19:51,-0.47501048010594815,-1.6043794558129123,-0.6058525251159624,-0.9480926338170812,0.5560696729765745,True,False,False,False,False,False,False,False,False,False,False,False,False,False,False,False,True,False,False,False,False,False,False,False,False,False,False,False,False,False,False,False,False,False,False,False,False,False,True,False,False,False,False,106.99
2015/1/2 20:51,-0.3801006575233805,-1.9529279880171657,-0.9013903422457001,-1.12203558727485,0.5560696729765745,True,False,False,False,False,False,False,False,False,False,False,False,False,False,False,False,True,False,False,False,False,False,False,False,False,False,False,False,False,False,False,False,False,False,False,False,False,False,False,True,False,False,False,108.78
2015/1/2 21:51,-0.2060993161220064,-2.1430453692194855,-1.0787130325235428,-1.0971865939237362,-0.39744028847974955,True,False,False,False,False,False,False,False,False,False,False,False,False,False,False,False,True,False,False,False,False,False,False,False,False,False,False,False,False,False,False,False,False,False,False,False,False,False,False,False,True,False,False,109.23
2015/1/2 22:51,-0.2060993161220064,-2.301476520221419,-1.1378205959494903,-1.0226396138704228,0.5560696729765745,True,False,False,False,False,False,False,False,False,False,False,False,False,False,False,False,True,False,False,False,False,False,False,False,False,False,False,False,False,False,False,False,False,False,False,False,False,False,False,False,False,True,False,115.4
2015/1/2 23:51,-0.3010091387045741,-2.1430453692194855,-1.0196054690975953,-0.9729416271681951,0.8854640232978501,True,False,False,False,False,False,False,False,False,False,False,False,False,False,False,False,True,False,False,False,False,False,False,False,False,False,False,False,False,False,False,False,False,False,False,False,False,False,False,False,False,False,True,107.08
2015/1/3 0:51,-0.47501048010594815,-1.9529279880171657,-0.7831752153938051,-0.8238476670615401,0.24401186740905045,True,False,False,False,False,False,False,False,False,False,False,False,False,False,False,False,False,True,False,True,False,False,False,False,False,False,False,False,False,False,False,False,False,False,False,False,False,False,False,False,False,False,False,104.05
2015/1/3 1:51,-0.6490118215073223,-1.6043794558129123,-0.42852983483811974,-0.6250557202526856,-0.08538248291222518,True,False,False,False,False,False,False,False,False,False,False,False,False,False,False,False,False,True,False,False,True,False,False,False,False,False,False,False,False,False,False,False,False,False,False,False,False,False,False,False,False,False,False,105.31
2015/1/3 2:51,-0.9179229854912642,-1.414262074610592,-0.014776890856486887,-0.4759617601460307,0.24401186740905045,True,False,False,False,False,False,False,False,False,False,False,False,False,False,False,False,False,True,False,False,False,True,False,False,False,False,False,False,False,False,False,False,False,False,False,False,False,False,False,False,False,False,False,106.19
2015/1/3 3:51,-1.0919243268926384,-1.0657135424063386,0.45808361655109353,-0.30201880668826186,0.24401186740905045,True,False,False,False,False,False,False,False,False,False,False,False,False,False,False,False,False,True,False,False,False,False,True,False,False,False,False,False,False,False,False,False,False,False,False,False,False,False,False,False,False,False,False,110.31
2015/1/3 4:51,-1.1710158457114448,-1.0657135424063386,0.5762987434029886,-0.2771698133371763,1.52691617918665,True,False,False,False,False,False,False,False,False,False,False,False,False,False,False,False,False,True,False,False,False,False,False,True,False,False,False,False,False,False,False,False,False,False,False,False,False,False,False,False,False,False,False,110.87
2015/1/3 5:51,-1.2659256682940125,-0.9072823914044053,0.8127289971067788,-0.1529248465816352,0.8854640232978501,True,False,False,False,False,False,False,False,False,False,False,False,False,False,False,False,False,True,False,False,False,False,False,False,True,False,False,False,False,False,False,False,False,False,False,False,False,False,False,False,False,False,False,116.07
2015/1/3 6:51,-1.2659256682940125,-0.9072823914044053,0.8127289971067788,-0.00383088647498022,0.5560696729765745,True,False,False,False,False,False,False,False,False,False,False,False,False,False,False,False,False,True,False,False,False,False,False,False,False,True,False,False,False,False,False,False,False,False,False,False,False,False,False,False,False,False,False,115.0
2015/1/3 7:51,-1.4399270096953865,-0.7171650102020853,1.2855895045143593,0.021018106876133646,0.24401186740905045,True,False,False,False,False,False,False,False,False,False,False,False,False,False,False,False,False,True,False,False,False,False,False,False,False,False,True,False,False,False,False,False,False,False,False,False,False,False,False,False,False,False,False,116.82
2015/1/3 8:51,-1.5348368322779544,-0.7171650102020853,1.462912194792202,0.095565086929447,0.5560696729765745,True,False,False,False,False,False,False,False,False,False,False,False,False,False,False,False,False,True,False,False,False,False,False,False,False,False,False,True,False,False,False,False,False,False,False,False,False,False,False,False,False,False,False,127.08
2015/1/3 9:51,-1.613928351096761,-0.7171650102020853,1.6402348850700446,0.2198100536849881,0.8854640232978501,True,False,False,False,False,False,False,False,False,False,False,False,False,False,False,False,False,True,False,False,False,False,False,False,False,False,False,False,True,False,False,False,False,False,False,False,False,False,False,False,False,False,False,130.15
2015/1/3 10:51,-1.7088381736793283,-0.7171650102020853,1.8175575753478872,0.24465904703610195,0.5560696729765745,True,False,False,False,False,False,False,False,False,False,False,False,False,False,False,False,False,True,False,False,False,False,False,False,False,False,False,False,False,True,False,False,False,False,False,False,False,False,False,False,False,False,False,133.57
2015/1/3 11:51,-1.787929692498135,-0.9072823914044053,1.7584500119219397,0.24465904703610195,0.5560696729765745,True,False,False,False,False,False,False,False,False,False,False,False,False,False,False,False,False,True,False,False,False,False,False,False,False,False,False,False,False,False,True,False,False,False,False,False,False,False,False,False,False,False,False,134.52
2015/1/3 12:51,-1.787929692498135,-0.9072823914044053,1.7584500119219397,0.29435703373832967,0.8854640232978501,True,False,False,False,False,False,False,False,False,False,False,False,False,False,False,False,False,True,False,False,False,False,False,False,False,False,False,False,False,False,False,True,False,False,False,False,False,False,False,False,False,False,False,130.89
2015/1/3 13:51,-1.8828395150807027,-1.0657135424063386,1.8175575753478872,0.46829998719607024,0.5560696729765745,True,False,False,False,False,False,False,False,False,False,False,False,False,False,False,False,False,True,False,False,False,False,False,False,False,False,False,False,False,False,False,False,True,False,False,False,False,False,False,False,False,False,False,123.58
2015/1/3 14:51,-1.8828395150807027,-1.0657135424063386,1.8175575753478872,0.791336900760494,0.24401186740905045,True,False,False,False,False,False,False,False,False,False,False,False,False,False,False,False,False,True,False,False,False,False,False,False,False,False,False,False,False,False,False,False,False,True,False,False,False,False,False,False,False,False,False,115.38
2015/1/3 15:51,-1.4399270096953865,-0.9072823914044053,1.1082668142365166,0.940430860867149,0.24401186740905045,True,False,False,False,False,False,False,False,False,False,False,False,False,False,False,False,False,True,False,False,False,False,False,False,False,False,False,False,False,False,False,False,False,False,True,False,False,False,False,False,False,False,False,102.14
2015/1/3 16:51,-1.0919243268926384,-0.9072823914044053,0.5762987434029886,1.1889207943782312,0.24401186740905045,True,False,False,False,False,False,False,False,False,False,False,False,False,False,False,False,False,True,False,False,False,False,False,False,False,False,False,False,False,False,False,False,False,False,False,True,False,False,False,False,False,False,False,93.76
2015/1/3 17:51,-0.8230131629086965,-1.0657135424063386,0.10343823599540822,1.164071801027089,0.24401186740905045,True,False,False,False,False,False,False,False,False,False,False,False,False,False,False,False,False,True,False,False,False,False,False,False,False,False,False,False,False,False,False,False,False,False,False,False,True,False,False,False,False,False,False,95.12
2015/1/3 18:51,-0.5699203026885158,-1.0657135424063386,-0.2512071445602771,1.0149778409204624,-1.3682867946898247,True,False,False,False,False,False,False,False,False,False,False,False,False,False,False,False,False,True,False,False,False,False,False,False,False,False,False,False,False,False,False,False,False,False,False,False,False,True,False,False,False,False,False,94.23
2015/1/3 19:51,-0.47501048010594815,-1.414262074610592,-0.5467449616900149,0.7416389140582663,-0.08538248291222518,True,False,False,False,False,False,False,False,False,False,False,False,False,False,False,False,False,True,False,False,False,False,False,False,False,False,False,False,False,False,False,False,False,False,False,False,False,False,True,False,False,False,False,95.43
2015/1/3 20:51,-0.3801006575233805,-1.6043794558129123,-0.7240676519678575,0.5676959606005257,-1.3682867946898247,True,False,False,False,False,False,False,False,False,False,False,False,False,False,False,False,False,True,False,False,False,False,False,False,False,False,False,False,False,False,False,False,False,False,False,False,False,False,False,True,False,False,False,96.65
2015/1/3 21:51,-0.2060993161220064,-1.6043794558129123,-0.8422827788197526,0.5428469672494118,-1.3682867946898247,True,False,False,False,False,False,False,False,False,False,False,False,False,False,False,False,False,True,False,False,False,False,False,False,False,False,False,False,False,False,False,False,False,False,False,False,False,False,False,False,True,False,False,99.12
2015/1/3 22:51,-0.12700779730319997,-1.6043794558129123,-0.9013903422457001,0.6422429406538391,-0.39744028847974955,True,False,False,False,False,False,False,False,False,False,False,False,False,False,False,False,False,True,False,False,False,False,False,False,False,False,False,False,False,False,False,False,False,False,False,False,False,False,False,False,False,True,False,98.48
2015/1/3 23:51,-0.12700779730319997,-1.414262074610592,-0.8422827788197526,0.7416389140582663,-0.39744028847974955,True,False,False,False,False,False,False,False,False,False,False,False,False,False,False,False,False,True,False,False,False,False,False,False,False,False,False,False,False,False,False,False,False,False,False,False,False,False,False,False,False,False,True,100.41
2015/1/4 0:51,-0.3801006575233805,-1.0657135424063386,-0.42852983483811974,0.8410348874626935,-0.39744028847974955,True,False,False,False,False,False,False,False,False,False,False,False,False,False,False,False,False,False,True,True,False,False,False,False,False,False,False,False,False,False,False,False,False,False,False,False,False,False,False,False,False,False,False,102.47
2015/1/4 1:51,-0.47501048010594815,-0.9072823914044053,-0.2512071445602771,0.9652798542182346,-1.3682867946898247,True,False,False,False,False,False,False,False,False,False,False,False,False,False,False,False,False,False,True,False,True,False,False,False,False,False,False,False,False,False,False,False,False,False,False,False,False,False,False,False,False,False,False,105.59
2015/1/4 2:51,-0.6490118215073223,-1.0657135424063386,-0.13299201770838198,1.1392228076760034,-1.3682867946898247,True,False,False,False,False,False,False,False,False,False,False,False,False,False,False,False,False,False,True,False,False,True,False,False,False,False,False,False,False,False,False,False,False,False,False,False,False,False,False,False,False,False,False,105.9
2015/1/4 3:51,-0.7439216440898899,-0.7171650102020853,0.2216533628473033,1.2634677744315446,-0.39744028847974955,True,False,False,False,False,False,False,False,False,False,False,False,False,False,False,False,False,False,True,False,False,False,True,False,False,False,False,False,False,False,False,False,False,False,False,False,False,False,False,False,False,False,False,106.43
2015/1/4 4:51,-0.9970145043100705,-0.5587338592001517,0.6945138702548838,1.362863747836,-0.39744028847974955,True,False,False,False,False,False,False,False,False,False,False,False,False,False,False,False,False,False,True,False,False,False,False,True,False,False,False,False,False,False,False,False,False,False,False,False,False,False,False,False,False,False,False,108.43
2015/1/4 5:51,-1.0919243268926384,-0.5587338592001517,0.8127289971067788,1.5616556946448543,0.24401186740905045,True,False,False,False,False,False,False,False,False,False,False,False,False,False,False,False,False,False,True,False,False,False,False,False,True,False,False,False,False,False,False,False,False,False,False,False,False,False,False,False,False,False,False,110.19
2015/1/4 6:51,-1.1710158457114448,-0.5587338592001517,0.9900516873846215,1.6610516680492533,-1.3682867946898247,True,False,False,False,False,False,False,False,False,False,False,False,False,False,False,False,False,False,True,False,False,False,False,False,False,True,False,False,False,False,False,False,False,False,False,False,False,False,False,False,False,False,False,112.23
2015/1/4 7:51,-1.2659256682940125,-0.5587338592001517,1.1082668142365166,1.6859006614003955,-1.3682867946898247,True,False,False,False,False,False,False,False,False,False,False,False,False,False,False,False,False,False,True,False,False,False,False,False,False,False,True,False,False,False,False,False,False,False,False,False,False,False,False,False,False,False,False,112.83
2015/1/4 8:51,-1.4399270096953865,-0.5587338592001517,1.462912194792202,1.7852966348047945,-0.08538248291222518,True,False,False,False,False,False,False,False,False,False,False,False,False,False,False,False,False,False,True,False,False,False,False,False,False,False,False,True,False,False,False,False,False,False,False,False,False,False,False,False,False,False,False,123.29
2015/1/4 9:51,-1.4399270096953865,-0.5587338592001517,1.462912194792202,1.7852966348047945,0.24401186740905045,True,False,False,False,False,False,False,False,False,False,False,False,False,False,False,False,False,False,True,False,False,False,False,False,False,False,False,False,True,False,False,False,False,False,False,False,False,False,False,False,False,False,False,127.95
2015/1/4 10:51,-1.4399270096953865,-0.5587338592001517,1.462912194792202,1.760447641453709,0.24401186740905045,True,False,False,False,False,False,False,False,False,False,False,False,False,False,False,False,False,False,True,False,False,False,False,False,False,False,False,False,False,True,False,False,False,False,False,False,False,False,False,False,False,False,False,130.6
2015/1/4 11:51,-1.5348368322779544,-0.5587338592001517,1.6402348850700446,1.710749654751481,-1.3682867946898247,True,False,False,False,False,False,False,False,False,False,False,False,False,False,False,False,False,False,True,False,False,False,False,False,False,False,False,False,False,False,True,False,False,False,False,False,False,False,False,False,False,False,False,130.24
2015/1/4 12:51,-1.613928351096761,-0.7171650102020853,1.6402348850700446,1.760447641453709,-0.39744028847974955,True,False,False,False,False,False,False,False,False,False,False,False,False,False,False,False,False,False,True,False,False,False,False,False,False,False,False,False,False,False,False,True,False,False,False,False,False,False,False,False,False,False,False,129.06
2015/1/4 13:51,-1.613928351096761,-0.7171650102020853,1.6402348850700446,1.9343905949114777,-1.3682867946898247,True,False,False,False,False,False,False,False,False,False,False,False,False,False,False,False,False,False,True,False,False,False,False,False,False,False,False,False,False,False,False,False,True,False,False,False,False,False,False,False,False,False,False,125.65
2015/1/4 14:51,-1.613928351096761,-0.5587338592001517,1.8175575753478872,2.1580315350714177,-1.3682867946898247,True,False,False,False,False,False,False,False,False,False,False,False,False,False,False,False,False,False,True,False,False,False,False,False,False,False,False,False,False,False,False,False,False,True,False,False,False,False,False,False,False,False,False,118.36
2015/1/4 15:51,-1.36083549087658,-0.3686164779978317,1.462912194792202,2.3319744885291867,-1.3682867946898247,True,False,False,False,False,False,False,False,False,False,False,False,False,False,False,False,False,False,True,False,False,False,False,False,False,False,False,False,False,False,False,False,False,False,True,False,False,False,False,False,False,False,False,104.24
2015/1/4 16:51,-0.8230131629086965,-0.5587338592001517,0.45808361655109353,2.4065214685825,-1.3682867946898247,True,False,False,False,False,False,False,False,False,False,False,False,False,False,False,False,False,False,True,False,False,False,False,False,False,False,False,False,False,False,False,False,False,False,False,True,False,False,False,False,False,False,False,94.64
2015/1/4 17:51,-0.2060993161220064,-0.5587338592001517,-0.3103147079862246,2.18288052842256,0.24401186740905045,True,False,False,False,False,False,False,False,False,False,False,False,False,False,False,False,False,False,True,False,False,False,False,False,False,False,False,False,False,False,False,False,False,False,False,False,True,False,False,False,False,False,False,91.99
2015/1/4 18:51,-0.03209797472063203,-0.5587338592001517,-0.48763739826406727,1.9095416015603355,0.24401186740905045,True,False,False,False,False,False,False,False,False,False,False,False,False,False,False,False,False,False,True,False,False,False,False,False,False,False,False,False,False,False,False,False,False,False,False,False,False,True,False,False,False,False,False,92.7
2015/1/4 19:51,0.4108145306646838,-0.5587338592001517,-0.9013903422457001,1.5616556946448543,-0.08538248291222518,True,False,False,False,False,False,False,False,False,False,False,False,False,False,False,False,False,False,True,False,False,False,False,False,False,False,False,False,False,False,False,False,False,False,False,False,False,False,True,False,False,False,False,92.13
2015/1/4 20:51,0.5848158720660579,-0.9072823914044053,-1.1378205959494903,1.462259721240399,-0.08538248291222518,True,False,False,False,False,False,False,False,False,False,False,False,False,False,False,False,False,False,True,False,False,False,False,False,False,False,False,False,False,False,False,False,False,False,False,False,False,False,False,True,False,False,False,93.41
2015/1/4 21:51,0.7588172134674322,-0.9072823914044053,-1.2560357228013854,1.338014754484858,-0.39744028847974955,True,False,False,False,False,False,False,False,False,False,False,False,False,False,False,False,False,False,True,False,False,False,False,False,False,False,False,False,False,False,False,False,False,False,False,False,False,False,False,False,True,False,False,93.47
2015/1/4 22:51,0.7588172134674322,-0.9072823914044053,-1.2560357228013854,1.3877127411870855,-0.08538248291222518,True,False,False,False,False,False,False,False,False,False,False,False,False,False,False,False,False,False,True,False,False,False,False,False,False,False,False,False,False,False,False,False,False,False,False,False,False,False,False,False,False,True,False,93.57
2015/1/4 23:51,0.7588172134674322,-0.9072823914044053,-1.2560357228013854,1.3131657611337721,-0.39744028847974955,True,False,False,False,False,False,False,False,False,False,False,False,False,False,False,False,False,False,True,False,False,False,False,False,False,False,False,False,False,False,False,False,False,False,False,False,False,False,False,False,False,False,True,95.25
2015/1/5 0:51,0.5848158720660579,-0.9072823914044053,-1.1378205959494903,1.362863747836,0.24401186740905045,True,False,False,False,False,False,False,False,False,False,False,False,True,False,False,False,False,False,False,True,False,False,False,False,False,False,False,False,False,False,False,False,False,False,False,False,False,False,False,False,False,False,False,97.12
2015/1/5 1:51,0.046993544098174404,-0.17849909679551165,-0.3694222714121722,1.4125617345381711,-0.08538248291222518,True,False,False,False,False,False,False,False,False,False,False,False,True,False,False,False,False,False,False,False,True,False,False,False,False,False,False,False,False,False,False,False,False,False,False,False,False,False,False,False,False,False,False,97.32
2015/1/5 2:51,-0.12700779730319997,-0.17849909679551165,-0.19209958113432954,1.5119577079426267,-1.3682867946898247,True,False,False,False,False,False,False,False,False,False,False,False,True,False,False,False,False,False,False,False,False,True,False,False,False,False,False,False,False,False,False,False,False,False,False,False,False,False,False,False,False,False,False,97.08
2015/1/5 3:51,-0.2060993161220064,-0.17849909679551165,-0.07388445428243444,1.4871087145915411,-1.3682867946898247,True,False,False,False,False,False,False,False,False,False,False,False,True,False,False,False,False,False,False,False,False,False,True,False,False,False,False,False,False,False,False,False,False,False,False,False,False,False,False,False,False,False,False,115.76
2015/1/5 4:51,-0.3801006575233805,-0.020067945793578203,0.2216533628473033,1.5616556946448543,-1.3682867946898247,True,False,False,False,False,False,False,False,False,False,False,False,True,False,False,False,False,False,False,False,False,False,False,True,False,False,False,False,False,False,False,False,False,False,False,False,False,False,False,False,False,False,False,171.16
2015/1/5 5:51,-0.47501048010594815,0.17004943540874184,0.5171911799770411,1.4871087145915411,-0.39744028847974955,True,False,False,False,False,False,False,False,False,False,False,False,True,False,False,False,False,False,False,False,False,False,False,False,True,False,False,False,False,False,False,False,False,False,False,False,False,False,False,False,False,False,False,159.28
2015/1/5 6:51,-0.7439216440898899,0.32848058641067535,1.049159250810569,1.5119577079426267,-0.39744028847974955,True,False,False,False,False,False,False,False,False,False,False,False,True,False,False,False,False,False,False,False,False,False,False,False,False,True,False,False,False,False,False,False,False,False,False,False,False,False,False,False,False,False,False,176.76
2015/1/5 7:51,-0.6490118215073223,0.17004943540874184,0.7536214336808312,1.3877127411870855,-1.3682867946898247,True,False,False,False,False,False,False,False,False,False,False,False,True,False,False,False,False,False,False,False,False,False,False,False,False,False,True,False,False,False,False,False,False,False,False,False,False,False,False,False,False,False,False,192.38
2015/1/5 8:51,-0.7439216440898899,0.17004943540874184,0.8718365605327264,1.3877127411870855,-1.3682867946898247,True,False,False,False,False,False,False,False,False,False,False,False,True,False,False,False,False,False,False,False,False,False,False,False,False,False,False,True,False,False,False,False,False,False,False,False,False,False,False,False,False,False,False,210.03
2015/1/5 9:51,-0.7439216440898899,-0.020067945793578203,0.7536214336808312,1.338014754484858,-0.39744028847974955,True,False,False,False,False,False,False,False,False,False,False,False,True,False,False,False,False,False,False,False,False,False,False,False,False,False,False,False,True,False,False,False,False,False,False,False,False,False,False,False,False,False,False,220.28
2015/1/5 10:51,-0.8230131629086965,-0.020067945793578203,0.8718365605327264,1.3877127411870855,-1.3682867946898247,True,False,False,False,False,False,False,False,False,False,False,False,True,False,False,False,False,False,False,False,False,False,False,False,False,False,False,False,False,True,False,False,False,False,False,False,False,False,False,False,False,False,False,233.69
2015/1/5 11:51,-0.9179229854912642,-0.020067945793578203,0.9900516873846215,1.362863747836,-1.3682867946898247,True,False,False,False,False,False,False,False,False,False,False,False,True,False,False,False,False,False,False,False,False,False,False,False,False,False,False,False,False,False,True,False,False,False,False,False,False,False,False,False,False,False,False,241.53
2015/1/5 12:51,-0.9970145043100705,-0.020067945793578203,1.167374377662464,1.4125617345381711,-1.3682867946898247,True,False,False,False,False,False,False,False,False,False,False,False,True,False,False,False,False,False,False,False,False,False,False,False,False,False,False,False,False,False,False,True,False,False,False,False,False,False,False,False,False,False,False,242.65
2015/1/5 13:51,-1.0919243268926384,0.17004943540874184,1.5220197582181494,1.462259721240399,-0.08538248291222518,True,False,False,False,False,False,False,False,False,False,False,False,True,False,False,False,False,False,False,False,False,False,False,False,False,False,False,False,False,False,False,False,True,False,False,False,False,False,False,False,False,False,False,236.67
2015/1/5 14:51,-1.0919243268926384,-0.020067945793578203,1.3446970679403067,1.6113536813470821,-1.3682867946898247,True,False,False,False,False,False,False,False,False,False,False,False,True,False,False,False,False,False,False,False,False,False,False,False,False,False,False,False,False,False,False,False,False,True,False,False,False,False,False,False,False,False,False,215.81
2015/1/5 15:51,-0.6490118215073223,-0.020067945793578203,0.5762987434029886,1.8846926082092499,-0.39744028847974955,True,False,False,False,False,False,False,False,False,False,False,False,True,False,False,False,False,False,False,False,False,False,False,False,False,False,False,False,False,False,False,False,False,False,True,False,False,False,False,False,False,False,False,193.32
2015/1/5 16:51,-0.3010091387045741,0.17004943540874184,0.2807609262732509,1.9095416015603355,-1.3682867946898247,True,False,False,False,False,False,False,False,False,False,False,False,True,False,False,False,False,False,False,False,False,False,False,False,False,False,False,False,False,False,False,False,False,False,False,True,False,False,False,False,False,False,False,153.41
2015/1/5 17:51,0.3159047080821162,-0.17849909679551165,-0.6058525251159624,1.7355986481026233,-1.3682867946898247,True,False,False,False,False,False,False,False,False,False,False,False,True,False,False,False,False,False,False,False,False,False,False,False,False,False,False,False,False,False,False,False,False,False,False,False,True,False,False,False,False,False,False,116.26
2015/1/5 18:51,0.5848158720660579,-0.3686164779978317,-0.9604979056716477,1.338014754484858,-1.3682867946898247,True,False,False,False,False,False,False,False,False,False,False,False,True,False,False,False,False,False,False,False,False,False,False,False,False,False,False,False,False,False,False,False,False,False,False,False,False,True,False,False,False,False,False,104.74
2015/1/5 19:51,1.2017297188527485,-1.414262074610592,-1.6697886667830184,0.940430860867149,1.52691617918665,True,False,False,False,False,False,False,False,False,False,False,False,True,False,False,False,False,False,False,False,False,False,False,False,False,False,False,False,False,False,False,False,False,False,False,False,False,False,True,False,False,False,False,103.76
2015/1/5 20:51,1.3757310602541222,-1.6043794558129123,-1.7880037936349134,0.6919409273560668,1.52691617918665,True,False,False,False,False,False,False,False,False,False,False,False,True,False,False,False,False,False,False,False,False,False,False,False,False,False,False,False,False,False,False,False,False,False,False,False,False,False,False,True,False,False,False,102.94
2015/1/5 21:51,1.5497324016554965,-1.7628106068148457,-1.9062189204868085,0.5676959606005257,1.1975218288653744,True,False,False,False,False,False,False,False,False,False,False,False,True,False,False,False,False,False,False,False,False,False,False,False,False,False,False,False,False,False,False,False,False,False,False,False,False,False,False,False,True,False,False,101.17
2015/1/5 22:51,1.6288239204743031,-1.6043794558129123,-1.9062189204868085,0.44345099384498465,-0.08538248291222518,True,False,False,False,False,False,False,False,False,False,False,False,True,False,False,False,False,False,False,False,False,False,False,False,False,False,False,False,False,False,False,False,False,False,False,False,False,False,False,False,False,True,False,101.6
2015/1/5 23:51,1.6288239204743031,-1.6043794558129123,-1.9062189204868085,0.3937530071427569,-0.39744028847974955,True,False,False,False,False,False,False,False,False,False,False,False,True,False,False,False,False,False,False,False,False,False,False,False,False,False,False,False,False,False,False,False,False,False,False,False,False,False,False,False,False,False,True,95.85
2015/1/6 0:51,1.0119100736876125,-0.5587338592001517,-1.315143286227333,0.517997973898298,0.24401186740905045,True,False,False,False,False,False,False,False,False,False,False,False,False,True,False,False,False,False,False,True,False,False,False,False,False,False,False,False,False,False,False,False,False,False,False,False,False,False,False,False,False,False,False,94.98
2015/1/6 1:51,0.5848158720660579,-0.17849909679551165,-0.8422827788197526,0.6422429406538391,0.24401186740905045,True,False,False,False,False,False,False,False,False,False,False,False,False,True,False,False,False,False,False,False,True,False,False,False,False,False,False,False,False,False,False,False,False,False,False,False,False,False,False,False,False,False,False,95.19
2015/1/6 2:51,0.48990604948349054,-0.3686164779978317,-0.8422827788197526,0.7167899207071524,-1.3682867946898247,True,False,False,False,False,False,False,False,False,False,False,False,False,True,False,False,False,False,False,False,False,True,False,False,False,False,False,False,False,False,False,False,False,False,False,False,False,False,False,False,False,False,False,94.89
2015/1/6 3:51,0.2209948854995485,-0.020067945793578203,-0.42852983483811974,0.791336900760494,-1.3682867946898247,True,False,False,False,False,False,False,False,False,False,False,False,False,True,False,False,False,False,False,False,False,False,True,False,False,False,False,False,False,False,False,False,False,False,False,False,False,False,False,False,False,False,False,96.37
2015/1/6 4:51,-0.03209797472063203,0.32848058641067535,0.04433067256946066,0.8907328741649213,-0.08538248291222518,True,False,False,False,False,False,False,False,False,False,False,False,False,True,False,False,False,False,False,False,False,False,False,True,False,False,False,False,False,False,False,False,False,False,False,False,False,False,False,False,False,False,False,110.1
2015/1/6 5:51,-0.12700779730319997,0.17004943540874184,0.04433067256946066,0.8658838808138074,-1.3682867946898247,True,False,False,False,False,False,False,False,False,False,False,False,False,True,False,False,False,False,False,False,False,False,False,False,True,False,False,False,False,False,False,False,False,False,False,False,False,False,False,False,False,False,False,156.6
2015/1/6 6:51,-0.12700779730319997,-0.020067945793578203,-0.07388445428243444,0.9155818675160351,-1.3682867946898247,True,False,False,False,False,False,False,False,False,False,False,False,False,True,False,False,False,False,False,False,False,False,False,False,False,True,False,False,False,False,False,False,False,False,False,False,False,False,False,False,False,False,False,169.72
2015/1/6 7:51,-0.3010091387045741,-0.17849909679551165,0.04433067256946066,0.9155818675160351,0.5560696729765745,True,False,False,False,False,False,False,False,False,False,False,False,False,True,False,False,False,False,False,False,False,False,False,False,False,False,True,False,False,False,False,False,False,False,False,False,False,False,False,False,False,False,False,188.41
2015/1/6 8:51,-0.47501048010594815,-0.17849909679551165,0.2216533628473033,0.940430860867149,-0.39744028847974955,True,False,False,False,False,False,False,False,False,False,False,False,False,True,False,False,False,False,False,False,False,False,False,False,False,False,False,True,False,False,False,False,False,False,False,False,False,False,False,False,False,False,False,202.17
2015/1/6 9:51,-0.47501048010594815,-0.020067945793578203,0.3398684896991984,0.9901288475693485,0.5560696729765745,True,False,False,False,False,False,False,False,False,False,False,False,False,True,False,False,False,False,False,False,False,False,False,False,False,False,False,False,True,False,False,False,False,False,False,False,False,False,False,False,False,False,False,221.21
2015/1/6 10:51,-0.3801006575233805,-0.3686164779978317,-0.014776890856486887,1.0149778409204624,-1.3682867946898247,True,False,False,False,False,False,False,False,False,False,False,False,False,True,False,False,False,False,False,False,False,False,False,False,False,False,False,False,False,True,False,False,False,False,False,False,False,False,False,False,False,False,False,232.4
2015/1/6 11:51,-0.7439216440898899,-0.020067945793578203,0.7536214336808312,0.9901288475693485,-1.3682867946898247,True,False,False,False,False,False,False,False,False,False,False,False,False,True,False,False,False,False,False,False,False,False,False,False,False,False,False,False,False,False,True,False,False,False,False,False,False,False,False,False,False,False,False,244.53
2015/1/6 12:51,-0.8230131629086965,-0.020067945793578203,0.8718365605327264,1.1143738143249178,-0.39744028847974955,True,False,False,False,False,False,False,False,False,False,False,False,False,True,False,False,False,False,False,False,False,False,False,False,False,False,False,False,False,False,False,True,False,False,False,False,False,False,False,False,False,False,False,239.68
2015/1/6 13:51,-0.8230131629086965,-0.17849909679551165,0.7536214336808312,1.238618781080459,-0.39744028847974955,True,False,False,False,False,False,False,False,False,False,False,False,False,True,False,False,False,False,False,False,False,False,False,False,False,False,False,False,False,False,False,False,True,False,False,False,False,False,False,False,False,False,False,236.01
2015/1/6 14:51,-0.8230131629086965,-0.17849909679551165,0.7536214336808312,1.2634677744315446,-0.08538248291222518,True,False,False,False,False,False,False,False,False,False,False,False,False,True,False,False,False,False,False,False,False,False,False,False,False,False,False,False,False,False,False,False,False,True,False,False,False,False,False,False,False,False,False,222.76
2015/1/6 15:51,-0.3010091387045741,-0.17849909679551165,0.04433067256946066,1.362863747836,-1.3682867946898247,True,False,False,False,False,False,False,False,False,False,False,False,False,True,False,False,False,False,False,False,False,False,False,False,False,False,False,False,False,False,False,False,False,False,True,False,False,False,False,False,False,False,False,200.19
2015/1/6 16:51,0.3159047080821162,-0.5587338592001517,-0.7831752153938051,1.4374107278893133,0.24401186740905045,True,False,False,False,False,False,False,False,False,False,False,False,False,True,False,False,False,False,False,False,False,False,False,False,False,False,False,False,False,False,False,False,False,False,False,True,False,False,False,False,False,False,False,160.37
2015/1/6 17:51,0.6639073908848644,-0.3686164779978317,-1.0196054690975953,1.2137697877293168,-1.3682867946898247,True,False,False,False,False,False,False,False,False,False,False,False,False,True,False,False,False,False,False,False,False,False,False,False,False,False,False,False,False,False,False,False,False,False,False,False,True,False,False,False,False,False,False,109.94
2015/1/6 18:51,1.2808212376715549,-0.9072823914044053,-1.5515735399311232,0.8907328741649213,-0.08538248291222518,True,False,False,False,False,False,False,False,False,False,False,False,False,True,False,False,False,False,False,False,False,False,False,False,False,False,False,False,False,False,False,False,False,False,False,False,False,True,False,False,False,False,False,95.23
2015/1/6 19:51,1.5497324016554965,-1.2558309236086587,-1.7880037936349134,0.5428469672494118,1.1975218288653744,True,False,False,False,False,False,False,False,False,False,False,False,False,True,False,False,False,False,False,False,False,False,False,False,False,False,False,False,False,False,False,False,False,False,False,False,False,False,True,False,False,False,False,94.59
2015/1/6 20:51,1.7237337430568704,-1.6043794558129123,-1.9062189204868085,0.2198100536849881,1.52691617918665,True,False,False,False,False,False,False,False,False,False,False,False,False,True,False,False,False,False,False,False,False,False,False,False,False,False,False,False,False,False,False,False,False,False,False,False,False,False,False,True,False,False,False,91.45
2015/1/6 21:51,1.8028252618756768,-1.414262074610592,-1.9062189204868085,0.095565086929447,0.24401186740905045,True,False,False,False,False,False,False,False,False,False,False,False,False,True,False,False,False,False,False,False,False,False,False,False,False,False,False,False,False,False,False,False,False,False,False,False,False,False,False,False,True,False,False,91.41
2015/1/6 22:51,2.071736425859619,-1.2558309236086587,-1.965326483912756,-0.00383088647498022,0.24401186740905045,True,False,False,False,False,False,False,False,False,False,False,False,False,True,False,False,False,False,False,False,False,False,False,False,False,False,False,False,False,False,False,False,False,False,False,False,False,False,False,False,False,True,False,93.52
2015/1/6 23:51,1.8977350844582448,-1.2558309236086587,-1.9062189204868085,-0.028679879826094087,0.24401186740905045,True,False,False,False,False,False,False,False,False,False,False,False,False,True,False,False,False,False,False,False,False,False,False,False,False,False,False,False,False,False,False,False,False,False,False,False,False,False,False,False,False,False,True,91.53
2015/1/7 0:51,1.5497324016554965,-0.7171650102020853,-1.6697886667830184,0.04586710022724751,0.24401186740905045,True,False,False,False,False,False,False,False,False,False,False,False,False,False,True,False,False,False,False,True,False,False,False,False,False,False,False,False,False,False,False,False,False,False,False,False,False,False,False,False,False,False,False,91.53
2015/1/7 1:51,0.932818554868806,-0.17849909679551165,-1.1378205959494903,0.19496106033390248,0.24401186740905045,True,False,False,False,False,False,False,False,False,False,False,False,False,False,True,False,False,False,False,False,True,False,False,False,False,False,False,False,False,False,False,False,False,False,False,False,False,False,False,False,False,False,False,89.66
2015/1/7 2:51,0.8379087322862387,-0.3686164779978317,-1.1378205959494903,0.24465904703610195,-1.3682867946898247,True,False,False,False,False,False,False,False,False,False,False,False,False,False,True,False,False,False,False,False,False,True,False,False,False,False,False,False,False,False,False,False,False,False,False,False,False,False,False,False,False,False,False,89.64
2015/1/7 3:51,0.4108145306646838,-0.020067945793578203,-0.6058525251159624,0.29435703373832967,-1.3682867946898247,True,False,False,False,False,False,False,False,False,False,False,False,False,False,True,False,False,False,False,False,False,False,True,False,False,False,False,False,False,False,False,False,False,False,False,False,False,False,False,False,False,False,False,89.59
2015/1/7 4:51,0.14190336668074208,0.17004943540874184,-0.2512071445602771,0.31920602708944357,-0.39744028847974955,True,False,False,False,False,False,False,False,False,False,False,False,False,False,True,False,False,False,False,False,False,False,False,True,False,False,False,False,False,False,False,False,False,False,False,False,False,False,False,False,False,False,False,104.39
2015/1/7 5:51,0.14190336668074208,0.17004943540874184,-0.2512071445602771,0.29435703373832967,-1.3682867946898247,True,False,False,False,False,False,False,False,False,False,False,False,False,False,True,False,False,False,False,False,False,False,False,False,True,False,False,False,False,False,False,False,False,False,False,False,False,False,False,False,False,False,False,145.78
2015/1/7 6:51,0.046993544098174404,0.5185979676129953,0.04433067256946066,0.24465904703610195,-1.3682867946898247,True,False,False,False,False,False,False,False,False,False,False,False,False,False,True,False,False,False,False,False,False,False,False,False,False,True,False,False,False,False,False,False,False,False,False,False,False,False,False,False,False,False,False,154.0
2015/1/7 7:51,-0.03209797472063203,0.32848058641067535,0.04433067256946066,0.2198100536849881,-1.3682867946898247,True,False,False,False,False,False,False,False,False,False,False,False,False,False,True,False,False,False,False,False,False,False,False,False,False,False,True,False,False,False,False,False,False,False,False,False,False,False,False,False,False,False,False,177.87
2015/1/7 8:51,-0.3010091387045741,0.32848058641067535,0.3398684896991984,0.19496106033390248,-0.08538248291222518,True,False,False,False,False,False,False,False,False,False,False,False,False,False,True,False,False,False,False,False,False,False,False,False,False,False,False,True,False,False,False,False,False,False,False,False,False,False,False,False,False,False,False,200.6
2015/1/7 9:51,-0.12700779730319997,0.32848058641067535,0.16254579942135577,0.24465904703610195,-0.39744028847974955,True,False,False,False,False,False,False,False,False,False,False,False,False,False,True,False,False,False,False,False,False,False,False,False,False,False,False,False,True,False,False,False,False,False,False,False,False,False,False,False,False,False,False,190.78
2015/1/7 10:51,-0.2060993161220064,0.32848058641067535,0.2216533628473033,0.19496106033390248,-1.3682867946898247,True,False,False,False,False,False,False,False,False,False,False,False,False,False,True,False,False,False,False,False,False,False,False,False,False,False,False,False,False,True,False,False,False,False,False,False,False,False,False,False,False,False,False,220.14
2015/1/7 11:51,-0.47501048010594815,0.5185979676129953,0.7536214336808312,0.07071609357836138,-1.3682867946898247,True,False,False,False,False,False,False,False,False,False,False,False,False,False,True,False,False,False,False,False,False,False,False,False,False,False,False,False,False,False,True,False,False,False,False,False,False,False,False,False,False,False,False,242.39
2015/1/7 12:51,-0.47501048010594815,0.5185979676129953,0.7536214336808312,0.021018106876133646,-1.3682867946898247,True,False,False,False,False,False,False,False,False,False,False,False,False,False,True,False,False,False,False,False,False,False,False,False,False,False,False,False,False,False,False,True,False,False,False,False,False,False,False,False,False,False,False,239.13
2015/1/7 13:51,-0.47501048010594815,0.5185979676129953,0.7536214336808312,0.14526307363167473,-1.3682867946898247,True,False,False,False,False,False,False,False,False,False,False,False,False,False,True,False,False,False,False,False,False,False,False,False,False,False,False,False,False,False,False,False,True,False,False,False,False,False,False,False,False,False,False,236.36
2015/1/7 14:51,-0.5699203026885158,0.5185979676129953,0.9309441239586739,0.24465904703610195,-0.39744028847974955,True,False,False,False,False,False,False,False,False,False,False,False,False,False,True,False,False,False,False,False,False,False,False,False,False,False,False,False,False,False,False,False,False,True,False,False,False,False,False,False,False,False,False,218.08
2015/1/7 15:51,-0.3010091387045741,0.6770291186149288,0.6354063068289362,0.3937530071427569,-0.39744028847974955,True,False,False,False,False,False,False,False,False,False,False,False,False,False,True,False,False,False,False,False,False,False,False,False,False,False,False,False,False,False,False,False,False,False,True,False,False,False,False,False,False,False,False,201.44
2015/1/7 16:51,0.48990604948349054,0.6770291186149288,-0.3694222714121722,0.36890401379164306,-0.39744028847974955,True,False,False,False,False,False,False,False,False,False,False,False,False,False,True,False,False,False,False,False,False,False,False,False,False,False,False,False,False,False,False,False,False,False,False,True,False,False,False,False,False,False,False,167.1
2015/1/7 17:51,1.0119100736876125,0.8671464998172488,-0.7240676519678575,0.29435703373832967,-0.39744028847974955,True,False,False,False,False,False,False,False,False,False,False,False,False,False,True,False,False,False,False,False,False,False,False,False,False,False,False,False,False,False,False,False,False,False,False,False,True,False,False,False,False,False,False,111.49
2015/1/7 18:51,1.4548225790729286,0.5185979676129953,-1.196928159375438,-0.053528873177179706,0.5560696729765745,True,False,False,False,False,False,False,False,False,False,False,False,False,False,True,False,False,False,False,False,False,False,False,False,False,False,False,False,False,False,False,False,False,False,False,False,False,True,False,False,False,False,False,97.78
2015/1/7 19:51,1.8977350844582448,0.17004943540874184,-1.5515735399311232,-0.30201880668826186,1.1975218288653744,True,False,False,False,False,False,False,False,False,False,False,False,False,False,True,False,False,False,False,False,False,False,False,False,False,False,False,False,False,False,False,False,False,False,False,False,False,False,True,False,False,False,False,94.48
2015/1/7 20:51,2.071736425859619,-0.3686164779978317,-1.7880037936349134,-0.5008107534971445,0.8854640232978501,True,False,False,False,False,False,False,False,False,False,False,False,False,False,True,False,False,False,False,False,False,False,False,False,False,False,False,False,False,False,False,False,False,False,False,False,False,False,False,True,False,False,False,91.31
2015/1/7 21:51,2.1666462484421865,-0.3686164779978317,-1.847111357060861,-0.6499047136037995,-0.39744028847974955,True,False,False,False,False,False,False,False,False,False,False,False,False,False,True,False,False,False,False,False,False,False,False,False,False,False,False,False,False,False,False,False,False,False,False,False,False,False,False,False,True,False,False,90.84
2015/1/7 22:51,2.1666462484421865,-0.17849909679551165,-1.7880037936349134,-0.6747537069548851,-0.39744028847974955,True,False,False,False,False,False,False,False,False,False,False,False,False,False,True,False,False,False,False,False,False,False,False,False,False,False,False,False,False,False,False,False,False,False,False,False,False,False,False,False,False,True,False,91.78
2015/1/7 23:51,2.1666462484421865,-0.17849909679551165,-1.7880037936349134,-0.699602700305999,0.5560696729765745,True,False,False,False,False,False,False,False,False,False,False,False,False,False,True,False,False,False,False,False,False,False,False,False,False,False,False,False,False,False,False,False,False,False,False,False,False,False,False,False,False,False,True,115.91
2015/1/8 0:51,1.6288239204743031,0.17004943540874184,-1.433358413079228,-0.6747537069548851,0.24401186740905045,True,False,False,False,False,False,False,False,False,False,False,False,False,False,False,True,False,False,False,True,False,False,False,False,False,False,False,False,False,False,False,False,False,False,False,False,False,False,False,False,False,False,False,112.17
2015/1/8 1:51,1.3757310602541222,0.32848058641067535,-1.196928159375438,-0.6002067269015718,0.5560696729765745,True,False,False,False,False,False,False,False,False,False,False,False,False,False,False,True,False,False,False,False,True,False,False,False,False,False,False,False,False,False,False,False,False,False,False,False,False,False,False,False,False,False,False,108.89
2015/1/8 2:51,1.0119100736876125,0.5185979676129953,-0.9013903422457001,-0.550508740199344,0.8854640232978501,True,False,False,False,False,False,False,False,False,False,False,False,False,False,False,True,False,False,False,False,False,True,False,False,False,False,False,False,False,False,False,False,False,False,False,False,False,False,False,False,False,False,False,108.12
2015/1/8 3:51,0.8379087322862387,0.5185979676129953,-0.7240676519678575,-0.5256597468482584,0.8854640232978501,True,False,False,False,False,False,False,False,False,False,False,False,False,False,False,True,False,False,False,False,False,False,True,False,False,False,False,False,False,False,False,False,False,False,False,False,False,False,False,False,False,False,False,108.6
2015/1/8 4:51,1.0119100736876125,0.5185979676129953,-0.9013903422457001,-0.5008107534971445,1.1975218288653744,True,False,False,False,False,False,False,False,False,False,False,False,False,False,False,True,False,False,False,False,False,False,False,True,False,False,False,False,False,False,False,False,False,False,False,False,False,False,False,False,False,False,False,114.05
2015/1/8 5:51,0.6639073908848644,0.6770291186149288,-0.48763739826406727,-0.45111276679491685,0.24401186740905045,True,False,False,False,False,False,False,False,False,False,False,False,False,False,False,True,False,False,False,False,False,False,False,False,True,False,False,False,False,False,False,False,False,False,False,False,False,False,False,False,False,False,False,125.92
2015/1/8 6:51,0.5848158720660579,0.6770291186149288,-0.42852983483811974,-0.550508740199344,-1.3682867946898247,True,False,False,False,False,False,False,False,False,False,False,False,False,False,False,True,False,False,False,False,False,False,False,False,False,True,False,False,False,False,False,False,False,False,False,False,False,False,False,False,False,False,False,145.07
2015/1/8 7:51,0.48990604948349054,0.6770291186149288,-0.3694222714121722,-0.6002067269015718,-0.39744028847974955,True,False,False,False,False,False,False,False,False,False,False,False,False,False,False,True,False,False,False,False,False,False,False,False,False,False,True,False,False,False,False,False,False,False,False,False,False,False,False,False,False,False,False,167.58
2015/1/8 8:51,0.4108145306646838,0.6770291186149288,-0.2512071445602771,-0.5008107534971445,-0.08538248291222518,True,False,False,False,False,False,False,False,False,False,False,False,False,False,False,True,False,False,False,False,False,False,False,False,False,False,False,True,False,False,False,False,False,False,False,False,False,False,False,False,False,False,False,181.22
2015/1/8 9:51,0.2209948854995485,0.6770291186149288,-0.07388445428243444,-0.45111276679491685,0.5560696729765745,True,False,False,False,False,False,False,False,False,False,False,False,False,False,False,True,False,False,False,False,False,False,False,False,False,False,False,False,True,False,False,False,False,False,False,False,False,False,False,False,False,False,False,192.51
2015/1/8 10:51,0.4108145306646838,0.5185979676129953,-0.3694222714121722,-0.5008107534971445,0.8854640232978501,True,False,False,False,False,False,False,False,False,False,False,False,False,False,False,True,False,False,False,False,False,False,False,False,False,False,False,False,False,True,False,False,False,False,False,False,False,False,False,False,False,False,False,190.93
2015/1/8 11:51,0.6639073908848644,-0.020067945793578203,-0.8422827788197526,-0.6499047136037995,2.1683683350754497,True,False,False,False,False,False,False,False,False,False,False,False,False,False,False,True,False,False,False,False,False,False,False,False,False,False,False,False,False,False,True,False,False,False,False,False,False,False,False,False,False,False,False,205.88
2015/1/8 12:51,0.5848158720660579,-0.020067945793578203,-0.7831752153938051,-0.6002067269015718,3.4512726468530497,True,False,False,False,False,False,False,False,False,False,False,False,False,False,False,True,False,False,False,False,False,False,False,False,False,False,False,False,False,False,False,True,False,False,False,False,False,False,False,False,False,False,False,204.03
2015/1/8 13:51,0.5848158720660579,-0.17849909679551165,-0.8422827788197526,-0.550508740199344,3.1218782965317735,True,False,False,False,False,False,False,False,False,False,False,False,False,False,False,True,False,False,False,False,False,False,False,False,False,False,False,False,False,False,False,False,True,False,False,False,False,False,False,False,False,False,False,219.84
2015/1/8 14:51,0.4108145306646838,-0.020067945793578203,-0.6058525251159624,-0.45111276679491685,1.1975218288653744,True,False,False,False,False,False,False,False,False,False,False,False,False,False,False,True,False,False,False,False,False,False,False,False,False,False,False,False,False,False,False,False,False,True,False,False,False,False,False,False,False,False,False,195.55
2015/1/8 15:51,0.4108145306646838,0.17004943540874184,-0.5467449616900149,-0.2523208199860624,1.8389739847541744,True,False,False,False,False,False,False,False,False,False,False,False,False,False,False,True,False,False,False,False,False,False,False,False,False,False,False,False,False,False,False,False,False,False,True,False,False,False,False,False,False,False,False,183.9
2015/1/8 16:51,0.6639073908848644,-0.020067945793578203,-0.8422827788197526,-0.17777383993272078,2.480426140642974,True,False,False,False,False,False,False,False,False,False,False,False,False,False,False,True,False,False,False,False,False,False,False,False,False,False,False,False,False,False,False,False,False,False,False,True,False,False,False,False,False,False,False,151.14
2015/1/8 17:51,0.8379087322862387,-0.020067945793578203,-0.9604979056716477,-0.22747182663494853,2.480426140642974,True,False,False,False,False,False,False,False,False,False,False,False,False,False,False,True,False,False,False,False,False,False,False,False,False,False,False,False,False,False,False,False,False,False,False,False,True,False,False,False,False,False,False,115.51
2015/1/8 18:51,0.8379087322862387,-0.17849909679551165,-1.0196054690975953,-0.5008107534971445,2.480426140642974,True,False,False,False,False,False,False,False,False,False,False,False,False,False,False,True,False,False,False,False,False,False,False,False,False,False,False,False,False,False,False,False,False,False,False,False,False,True,False,False,False,False,False,108.35
2015/1/8 19:51,0.932818554868806,-0.020067945793578203,-1.0787130325235428,-0.7989986737104262,0.8854640232978501,True,False,False,False,False,False,False,False,False,False,False,False,False,False,False,True,False,False,False,False,False,False,False,False,False,False,False,False,False,False,False,False,False,False,False,False,False,False,True,False,False,False,False,103.9
2015/1/8 20:51,1.2017297188527485,-0.020067945793578203,-1.2560357228013854,-1.0474886072215084,0.5560696729765745,True,False,False,False,False,False,False,False,False,False,False,False,False,False,False,True,False,False,False,False,False,False,False,False,False,False,False,False,False,False,False,False,False,False,False,False,False,False,False,True,False,False,False,100.18
2015/1/8 21:51,1.3757310602541222,0.17004943540874184,-1.2560357228013854,-1.1965825673281634,1.1975218288653744,True,False,False,False,False,False,False,False,False,False,False,False,False,False,False,True,False,False,False,False,False,False,False,False,False,False,False,False,False,False,False,False,False,False,False,False,False,False,False,False,True,False,False,101.35
2015/1/8 22:51,1.1068198962701805,0.5185979676129953,-0.9604979056716477,-1.1468845806259638,0.8854640232978501,True,False,False,False,False,False,False,False,False,False,False,False,False,False,False,True,False,False,False,False,False,False,False,False,False,False,False,False,False,False,False,False,False,False,False,False,False,False,False,False,False,True,False,103.97
2015/1/8 23:51,0.932818554868806,0.32848058641067535,-0.9013903422457001,-1.1468845806259638,2.480426140642974,True,False,False,False,False,False,False,False,False,False,False,False,False,False,False,True,False,False,False,False,False,False,False,False,False,False,False,False,False,False,False,False,False,False,False,False,False,False,False,False,False,False,True,96.78
2015/1/9 0:51,0.7588172134674322,0.5185979676129953,-0.6649600885419099,-1.0971865939237362,0.5560696729765745,True,False,False,False,False,False,False,False,False,False,False,False,False,False,False,False,True,False,False,True,False,False,False,False,False,False,False,False,False,False,False,False,False,False,False,False,False,False,False,False,False,False,False,94.64
2015/1/9 1:51,0.5848158720660579,0.5185979676129953,-0.5467449616900149,-1.0723376005726222,0.24401186740905045,True,False,False,False,False,False,False,False,False,False,False,False,False,False,False,False,True,False,False,False,True,False,False,False,False,False,False,False,False,False,False,False,False,False,False,False,False,False,False,False,False,False,False,93.07
2015/1/9 2:51,0.3159047080821162,0.5185979676129953,-0.2512071445602771,-1.0474886072215084,0.5560696729765745,True,False,False,False,False,False,False,False,False,False,False,False,False,False,False,False,True,False,False,False,False,True,False,False,False,False,False,False,False,False,False,False,False,False,False,False,False,False,False,False,False,False,False,93.86
2015/1/9 3:51,0.3159047080821162,0.6770291186149288,-0.13299201770838198,-1.0226396138704228,0.24401186740905045,True,False,False,False,False,False,False,False,False,False,False,False,False,False,False,False,True,False,False,False,False,False,True,False,False,False,False,False,False,False,False,False,False,False,False,False,False,False,False,False,False,False,False,93.96
2015/1/9 4:51,0.046993544098174404,1.0255776508191825,0.39897605312514595,-1.0723376005726222,0.5560696729765745,True,False,False,False,False,False,False,False,False,False,False,False,False,False,False,False,True,False,False,False,False,False,False,True,False,False,False,False,False,False,False,False,False,False,False,False,False,False,False,False,False,False,False,111.12
2015/1/9 5:51,0.2209948854995485,0.5185979676129953,-0.13299201770838198,-1.1468845806259638,-0.08538248291222518,True,False,False,False,False,False,False,False,False,False,False,False,False,False,False,False,True,False,False,False,False,False,False,False,True,False,False,False,False,False,False,False,False,False,False,False,False,False,False,False,False,False,False,130.09
2015/1/9 6:51,-0.12700779730319997,0.6770291186149288,0.39897605312514595,-1.12203558727485,-0.39744028847974955,True,False,False,False,False,False,False,False,False,False,False,False,False,False,False,False,True,False,False,False,False,False,False,False,False,True,False,False,False,False,False,False,False,False,False,False,False,False,False,False,False,False,False,143.08
2015/1/9 7:51,-0.12700779730319997,0.6770291186149288,0.39897605312514595,-1.1717335739770496,-0.39744028847974955,True,False,False,False,False,False,False,False,False,False,False,False,False,False,False,False,True,False,False,False,False,False,False,False,False,False,True,False,False,False,False,False,False,False,False,False,False,False,False,False,False,False,False,165.79
2015/1/9 8:51,-0.12700779730319997,0.5185979676129953,0.2807609262732509,-1.2462805540303912,1.8389739847541744,True,False,False,False,False,False,False,False,False,False,False,False,False,False,False,False,True,False,False,False,False,False,False,False,False,False,False,True,False,False,False,False,False,False,False,False,False,False,False,False,False,False,False,184.58
2015/1/9 9:51,-0.12700779730319997,0.5185979676129953,0.2807609262732509,-1.271129547381505,0.5560696729765745,True,False,False,False,False,False,False,False,False,False,False,False,False,False,False,False,True,False,False,False,False,False,False,False,False,False,False,False,True,False,False,False,False,False,False,False,False,False,False,False,False,False,False,196.71
2015/1/9 10:51,-0.12700779730319997,0.5185979676129953,0.2807609262732509,-1.2462805540303912,1.8389739847541744,True,False,False,False,False,False,False,False,False,False,False,False,False,False,False,False,True,False,False,False,False,False,False,False,False,False,False,False,False,True,False,False,False,False,False,False,False,False,False,False,False,False,False,210.5
2015/1/9 11:51,-0.12700779730319997,0.32848058641067535,0.16254579942135577,-1.2959785407325906,0.5560696729765745,True,False,False,False,False,False,False,False,False,False,False,False,False,False,False,False,True,False,False,False,False,False,False,False,False,False,False,False,False,False,True,False,False,False,False,False,False,False,False,False,False,False,False,213.5
2015/1/9 12:51,-0.2060993161220064,0.32848058641067535,0.2216533628473033,-1.271129547381505,0.5560696729765745,True,False,False,False,False,False,False,False,False,False,False,False,False,False,False,False,True,False,False,False,False,False,False,False,False,False,False,False,False,False,False,True,False,False,False,False,False,False,False,False,False,False,False,211.74
2015/1/9 13:51,-0.2060993161220064,0.5185979676129953,0.39897605312514595,-1.0971865939237362,-0.39744028847974955,True,False,False,False,False,False,False,False,False,False,False,False,False,False,False,False,True,False,False,False,False,False,False,False,False,False,False,False,False,False,False,False,True,False,False,False,False,False,False,False,False,False,False,216.69
2015/1/9 14:51,-0.3010091387045741,0.5185979676129953,0.5171911799770411,-0.9232436404659673,-0.08538248291222518,True,False,False,False,False,False,False,False,False,False,False,False,False,False,False,False,True,False,False,False,False,False,False,False,False,False,False,False,False,False,False,False,False,True,False,False,False,False,False,False,False,False,False,206.26
2015/1/9 15:51,0.046993544098174404,0.5185979676129953,0.04433067256946066,-0.7244516936571129,0.5560696729765745,True,False,False,False,False,False,False,False,False,False,False,False,False,False,False,False,True,False,False,False,False,False,False,False,False,False,False,False,False,False,False,False,False,False,True,False,False,False,False,False,False,False,False,179.82
2015/1/9 16:51,0.48990604948349054,0.8671464998172488,-0.2512071445602771,-0.5753577335504579,0.8854640232978501,True,False,False,False,False,False,False,False,False,False,False,False,False,False,False,False,True,False,False,False,False,False,False,False,False,False,False,False,False,False,False,False,False,False,False,True,False,False,False,False,False,False,False,147.27
2015/1/9 17:51,0.932818554868806,0.8671464998172488,-0.6649600885419099,-0.6747537069548851,1.8389739847541744,True,False,False,False,False,False,False,False,False,False,False,False,False,False,False,False,True,False,False,False,False,False,False,False,False,False,False,False,False,False,False,False,False,False,False,False,True,False,False,False,False,False,False,116.42
2015/1/9 18:51,1.1068198962701805,0.8671464998172488,-0.7831752153938051,-0.8983946471148817,2.1683683350754497,True,False,False,False,False,False,False,False,False,False,False,False,False,False,False,False,True,False,False,False,False,False,False,False,False,False,False,False,False,False,False,False,False,False,False,False,False,True,False,False,False,False,False,106.58
2015/1/9 19:51,1.3757310602541222,1.2156950320215023,-0.8422827788197526,-1.1717335739770496,0.24401186740905045,True,False,False,False,False,False,False,False,False,False,False,False,False,False,False,False,True,False,False,False,False,False,False,False,False,False,False,False,False,False,False,False,False,False,False,False,False,False,True,False,False,False,False,101.27
2015/1/9 20:51,1.4548225790729286,1.2156950320215023,-0.9013903422457001,-1.3705255207859321,-0.39744028847974955,True,False,False,False,False,False,False,False,False,False,False,False,False,False,False,False,True,False,False,False,False,False,False,False,False,False,False,False,False,False,False,False,False,False,False,False,False,False,False,True,False,False,False,98.12
2015/1/9 21:51,1.6288239204743031,1.4058124132238223,-0.9604979056716477,-1.4947704875414733,0.24401186740905045,True,False,False,False,False,False,False,False,False,False,False,False,False,False,False,False,True,False,False,False,False,False,False,False,False,False,False,False,False,False,False,False,False,False,False,False,False,False,False,False,True,False,False,98.73
2015/1/9 22:51,1.5497324016554965,1.5642435642257557,-0.8422827788197526,-1.4699214941903593,-1.3682867946898247,True,False,False,False,False,False,False,False,False,False,False,False,False,False,False,False,True,False,False,False,False,False,False,False,False,False,False,False,False,False,False,False,False,False,False,False,False,False,False,False,False,True,False,97.64
2015/1/9 23:51,1.6288239204743031,1.754360945428076,-0.8422827788197526,-1.4699214941903593,1.52691617918665,True,False,False,False,False,False,False,False,False,False,False,False,False,False,False,False,True,False,False,False,False,False,False,False,False,False,False,False,False,False,False,False,False,False,False,False,False,False,False,False,False,False,True,92.17
2015/1/10 0:51,1.2808212376715549,1.4058124132238223,-0.7240676519678575,-1.3705255207859321,0.5560696729765745,True,False,False,False,False,False,False,False,False,False,False,False,False,False,False,False,False,True,False,True,False,False,False,False,False,False,False,False,False,False,False,False,False,False,False,False,False,False,False,False,False,False,False,90.8
2015/1/10 1:51,1.1068198962701805,1.2156950320215023,-0.6649600885419099,-1.2214315606792772,0.5560696729765745,True,False,False,False,False,False,False,False,False,False,False,False,False,False,False,False,False,True,False,False,True,False,False,False,False,False,False,False,False,False,False,False,False,False,False,False,False,False,False,False,False,False,False,89.3
2015/1/10 2:51,0.7588172134674322,1.2156950320215023,-0.3103147079862246,-1.0474886072215084,0.24401186740905045,True,False,False,False,False,False,False,False,False,False,False,False,False,False,False,False,False,True,False,False,False,True,False,False,False,False,False,False,False,False,False,False,False,False,False,False,False,False,False,False,False,False,False,89.83
2015/1/10 3:51,0.5848158720660579,1.2156950320215023,-0.13299201770838198,-0.9729416271681951,-0.08538248291222518,True,False,False,False,False,False,False,False,False,False,False,False,False,False,False,False,False,True,False,False,False,False,True,False,False,False,False,False,False,False,False,False,False,False,False,False,False,False,False,False,False,False,False,90.48
2015/1/10 4:51,0.4108145306646838,1.2156950320215023,0.04433067256946066,-0.9480926338170812,0.24401186740905045,True,False,False,False,False,False,False,False,False,False,False,False,False,False,False,False,False,True,False,False,False,False,False,True,False,False,False,False,False,False,False,False,False,False,False,False,False,False,False,False,False,False,False,91.02
2015/1/10 5:51,0.4108145306646838,0.8671464998172488,-0.13299201770838198,-0.9480926338170812,0.8854640232978501,True,False,False,False,False,False,False,False,False,False,False,False,False,False,False,False,False,True,False,False,False,False,False,False,True,False,False,False,False,False,False,False,False,False,False,False,False,False,False,False,False,False,False,89.0
2015/1/10 6:51,0.4108145306646838,0.6770291186149288,-0.2512071445602771,-0.9977906205193089,0.8854640232978501,True,False,False,False,False,False,False,False,False,False,False,False,False,False,False,False,False,True,False,False,False,False,False,False,False,True,False,False,False,False,False,False,False,False,False,False,False,False,False,False,False,False,False,89.83
2015/1/10 7:51,0.2209948854995485,0.8671464998172488,0.04433067256946066,-0.9480926338170812,0.5560696729765745,True,False,False,False,False,False,False,False,False,False,False,False,False,False,False,False,False,True,False,False,False,False,False,False,False,False,True,False,False,False,False,False,False,False,False,False,False,False,False,False,False,False,False,90.83
2015/1/10 8:51,0.2209948854995485,0.6770291186149288,-0.07388445428243444,-0.8983946471148817,0.8854640232978501,True,False,False,False,False,False,False,False,False,False,False,False,False,False,False,False,False,True,False,False,False,False,False,False,False,False,False,True,False,False,False,False,False,False,False,False,False,False,False,False,False,False,False,95.73
2015/1/10 9:51,0.2209948854995485,0.6770291186149288,-0.07388445428243444,-0.9977906205193089,0.8854640232978501,True,False,False,False,False,False,False,False,False,False,False,False,False,False,False,False,False,True,False,False,False,False,False,False,False,False,False,False,True,False,False,False,False,False,False,False,False,False,False,False,False,False,False,101.31
2015/1/10 10:51,0.14190336668074208,0.6770291186149288,0.04433067256946066,-1.0474886072215084,0.24401186740905045,True,False,False,False,False,False,False,False,False,False,False,False,False,False,False,False,False,True,False,False,False,False,False,False,False,False,False,False,False,True,False,False,False,False,False,False,False,False,False,False,False,False,False,94.47
2015/1/10 11:51,0.046993544098174404,0.6770291186149288,0.16254579942135577,-0.9729416271681951,-1.3682867946898247,True,False,False,False,False,False,False,False,False,False,False,False,False,False,False,False,False,True,False,False,False,False,False,False,False,False,False,False,False,False,True,False,False,False,False,False,False,False,False,False,False,False,False,102.35
2015/1/10 12:51,0.046993544098174404,0.6770291186149288,0.16254579942135577,-0.9977906205193089,0.5560696729765745,True,False,False,False,False,False,False,False,False,False,False,False,False,False,False,False,False,True,False,False,False,False,False,False,False,False,False,False,False,False,False,True,False,False,False,False,False,False,False,False,False,False,False,94.34
2015/1/10 13:51,0.046993544098174404,0.5185979676129953,0.04433067256946066,-0.9232436404659673,0.5560696729765745,True,False,False,False,False,False,False,False,False,False,False,False,False,False,False,False,False,True,False,False,False,False,False,False,False,False,False,False,False,False,False,False,True,False,False,False,False,False,False,False,False,False,False,95.82
2015/1/10 14:51,0.14190336668074208,0.5185979676129953,-0.07388445428243444,-0.8735456537637678,0.8854640232978501,True,False,False,False,False,False,False,False,False,False,False,False,False,False,False,False,False,True,False,False,False,False,False,False,False,False,False,False,False,False,False,False,False,True,False,False,False,False,False,False,False,False,False,97.43
2015/1/10 15:51,0.14190336668074208,0.5185979676129953,-0.07388445428243444,-0.6499047136037995,0.5560696729765745,True,False,False,False,False,False,False,False,False,False,False,False,False,False,False,False,False,True,False,False,False,False,False,False,False,False,False,False,False,False,False,False,False,False,True,False,False,False,False,False,False,False,False,89.55
2015/1/10 16:51,0.48990604948349054,0.5185979676129953,-0.42852983483811974,-0.5008107534971445,1.52691617918665,True,False,False,False,False,False,False,False,False,False,False,False,False,False,False,False,False,True,False,False,False,False,False,False,False,False,False,False,False,False,False,False,False,False,False,True,False,False,False,False,False,False,False,90.57
2015/1/10 17:51,0.4108145306646838,0.5185979676129953,-0.3694222714121722,-0.4759617601460307,0.24401186740905045,True,False,False,False,False,False,False,False,False,False,False,False,False,False,False,False,False,True,False,False,False,False,False,False,False,False,False,False,False,False,False,False,False,False,False,False,True,False,False,False,False,False,False,87.59
2015/1/10 18:51,0.5848158720660579,0.6770291186149288,-0.42852983483811974,-0.6747537069548851,-0.08538248291222518,True,False,False,False,False,False,False,False,False,False,False,False,False,False,False,False,False,True,False,False,False,False,False,False,False,False,False,False,False,False,False,False,False,False,False,False,False,True,False,False,False,False,False,88.3
2015/1/10 19:51,0.6639073908848644,0.6770291186149288,-0.48763739826406727,-0.8983946471148817,0.24401186740905045,True,False,False,False,False,False,False,False,False,False,False,False,False,False,False,False,False,True,False,False,False,False,False,False,False,False,False,False,False,False,False,False,False,False,False,False,False,False,True,False,False,False,False,89.65
2015/1/10 20:51,0.5848158720660579,1.4058124132238223,-0.014776890856486887,-1.1468845806259638,0.8854640232978501,True,False,False,False,False,False,False,False,False,False,False,False,False,False,False,False,False,True,False,False,False,False,False,False,False,False,False,False,False,False,False,False,False,False,False,False,False,False,False,True,False,False,False,88.82
2015/1/10 21:51,0.7588172134674322,1.0255776508191825,-0.42852983483811974,-1.2214315606792772,-0.08538248291222518,True,False,False,False,False,False,False,False,False,False,False,False,False,False,False,False,False,True,False,False,False,False,False,False,False,False,False,False,False,False,False,False,False,False,False,False,False,False,False,False,True,False,False,87.73
2015/1/10 22:51,0.8379087322862387,1.0255776508191825,-0.48763739826406727,-1.1965825673281634,-1.3682867946898247,True,False,False,False,False,False,False,False,False,False,False,False,False,False,False,False,False,True,False,False,False,False,False,False,False,False,False,False,False,False,False,False,False,False,False,False,False,False,False,False,False,True,False,89.34
2015/1/10 23:51,0.7588172134674322,1.2156950320215023,-0.3103147079862246,-1.1717335739770496,-0.08538248291222518,True,False,False,False,False,False,False,False,False,False,False,False,False,False,False,False,False,True,False,False,False,False,False,False,False,False,False,False,False,False,False,False,False,False,False,False,False,False,False,False,False,False,True,87.45
2015/1/11 0:51,0.7588172134674322,1.4058124132238223,-0.19209958113432954,-1.12203558727485,0.5560696729765745,True,False,False,False,False,False,False,False,False,False,False,False,False,False,False,False,False,False,True,True,False,False,False,False,False,False,False,False,False,False,False,False,False,False,False,False,False,False,False,False,False,False,False,90.11
2015/1/11 1:51,0.6639073908848644,1.5642435642257557,-0.014776890856486887,-0.9977906205193089,-0.39744028847974955,True,False,False,False,False,False,False,False,False,False,False,False,False,False,False,False,False,False,True,False,True,False,False,False,False,False,False,False,False,False,False,False,False,False,False,False,False,False,False,False,False,False,False,89.19
2015/1/11 2:51,0.3159047080821162,1.754360945428076,0.5762987434029886,-0.9232436404659673,-1.3682867946898247,True,False,False,False,False,False,False,False,False,False,False,False,False,False,False,False,False,False,True,False,False,True,False,False,False,False,False,False,False,False,False,False,False,False,False,False,False,False,False,False,False,False,False,88.83
2015/1/11 3:51,0.14190336668074208,1.754360945428076,0.8127289971067788,-0.8735456537637678,-1.3682867946898247,True,False,False,False,False,False,False,False,False,False,False,False,False,False,False,False,False,False,True,False,False,False,True,False,False,False,False,False,False,False,False,False,False,False,False,False,False,False,False,False,False,False,False,89.64
2015/1/11 4:51,0.14190336668074208,1.754360945428076,0.8127289971067788,-0.8735456537637678,-1.3682867946898247,True,False,False,False,False,False,False,False,False,False,False,False,False,False,False,False,False,False,True,False,False,False,False,True,False,False,False,False,False,False,False,False,False,False,False,False,False,False,False,False,False,False,False,90.01
2015/1/11 5:51,0.14190336668074208,1.9127920964300094,0.9309441239586739,-0.848696660412654,-1.3682867946898247,True,False,False,False,False,False,False,False,False,False,False,False,False,False,False,False,False,False,True,False,False,False,False,False,True,False,False,False,False,False,False,False,False,False,False,False,False,False,False,False,False,False,False,89.07
2015/1/11 6:51,-0.12700779730319997,2.1029094776323296,1.581127321644097,-0.8735456537637678,-1.3682867946898247,True,False,False,False,False,False,False,False,False,False,False,False,False,False,False,False,False,False,True,False,False,False,False,False,False,True,False,False,False,False,False,False,False,False,False,False,False,False,False,False,False,False,False,90.57
2015/1/11 7:51,-0.03209797472063203,2.1029094776323296,1.4038046313662542,-0.8983946471148817,-1.3682867946898247,True,False,False,False,False,False,False,False,False,False,False,False,False,False,False,False,False,False,True,False,False,False,False,False,False,False,True,False,False,False,False,False,False,False,False,False,False,False,False,False,False,False,False,91.03
2015/1/11 8:51,0.046993544098174404,2.1029094776323296,1.2264819410884116,-0.8983946471148817,-0.39744028847974955,True,False,False,False,False,False,False,False,False,False,False,False,False,False,False,False,False,False,True,False,False,False,False,False,False,False,False,True,False,False,False,False,False,False,False,False,False,False,False,False,False,False,False,101.09
2015/1/11 9:51,-0.12700779730319997,2.1029094776323296,1.581127321644097,-0.8983946471148817,-0.08538248291222518,True,False,False,False,False,False,False,False,False,False,False,False,False,False,False,False,False,False,True,False,False,False,False,False,False,False,False,False,True,False,False,False,False,False,False,False,False,False,False,False,False,False,False,100.77
2015/1/11 10:51,-0.03209797472063203,1.9127920964300094,1.2264819410884116,-0.848696660412654,-0.39744028847974955,True,False,False,False,False,False,False,False,False,False,False,False,False,False,False,False,False,False,True,False,False,False,False,False,False,False,False,False,False,True,False,False,False,False,False,False,False,False,False,False,False,False,False,112.47
2015/1/11 11:51,-0.12700779730319997,2.1029094776323296,1.581127321644097,-0.848696660412654,-1.3682867946898247,True,False,False,False,False,False,False,False,False,False,False,False,False,False,False,False,False,False,True,False,False,False,False,False,False,False,False,False,False,False,True,False,False,False,False,False,False,False,False,False,False,False,False,122.34
2015/1/11 12:51,-0.03209797472063203,1.9127920964300094,1.2264819410884116,-0.8983946471148817,-0.08538248291222518,True,False,False,False,False,False,False,False,False,False,False,False,False,False,False,False,False,False,True,False,False,False,False,False,False,False,False,False,False,False,False,True,False,False,False,False,False,False,False,False,False,False,False,123.64
2015/1/11 13:51,0.046993544098174404,1.9127920964300094,1.1082668142365166,-0.8735456537637678,0.24401186740905045,True,False,False,False,False,False,False,False,False,False,False,False,False,False,False,False,False,False,True,False,False,False,False,False,False,False,False,False,False,False,False,False,True,False,False,False,False,False,False,False,False,False,False,119.34
2015/1/11 14:51,-0.03209797472063203,1.754360945428076,1.1082668142365166,-0.7989986737104262,-0.08538248291222518,True,False,False,False,False,False,False,False,False,False,False,False,False,False,False,False,False,False,True,False,False,False,False,False,False,False,False,False,False,False,False,False,False,True,False,False,False,False,False,False,False,False,False,107.42
2015/1/11 15:51,0.14190336668074208,1.5642435642257557,0.6354063068289362,-0.6002067269015718,1.52691617918665,True,False,False,False,False,False,False,False,False,False,False,False,False,False,False,False,False,False,True,False,False,False,False,False,False,False,False,False,False,False,False,False,False,False,True,False,False,False,False,False,False,False,False,96.53
2015/1/11 16:51,0.4108145306646838,1.754360945428076,0.39897605312514595,-0.45111276679491685,0.8854640232978501,True,False,False,False,False,False,False,False,False,False,False,False,False,False,False,False,False,False,True,False,False,False,False,False,False,False,False,False,False,False,False,False,False,False,False,True,False,False,False,False,False,False,False,90.63
2015/1/11 17:51,0.5848158720660579,1.754360945428076,0.2216533628473033,-0.42626377344380295,0.8854640232978501,True,False,False,False,False,False,False,False,False,False,False,False,False,False,False,False,False,False,True,False,False,False,False,False,False,False,False,False,False,False,False,False,False,False,False,False,True,False,False,False,False,False,False,89.58
2015/1/11 18:51,0.8379087322862387,1.5642435642257557,-0.19209958113432954,-0.6002067269015718,1.52691617918665,True,False,False,False,False,False,False,False,False,False,False,False,False,False,False,False,False,False,True,False,False,False,False,False,False,False,False,False,False,False,False,False,False,False,False,False,False,True,False,False,False,False,False,88.96
2015/1/11 19:51,1.1068198962701805,1.5642435642257557,-0.48763739826406727,-0.9232436404659673,0.5560696729765745,True,False,False,False,False,False,False,False,False,False,False,False,False,False,False,False,False,False,True,False,False,False,False,False,False,False,False,False,False,False,False,False,False,False,False,False,False,False,True,False,False,False,False,88.86
2015/1/11 20:51,1.4548225790729286,1.5642435642257557,-0.7831752153938051,-1.12203558727485,0.8854640232978501,True,False,False,False,False,False,False,False,False,False,False,False,False,False,False,False,False,False,True,False,False,False,False,False,False,False,False,False,False,False,False,False,False,False,False,False,False,False,False,True,False,False,False,89.5
2015/1/11 21:51,1.3757310602541222,1.5642435642257557,-0.7240676519678575,-1.1965825673281634,1.52691617918665,True,False,False,False,False,False,False,False,False,False,False,False,False,False,False,False,False,False,True,False,False,False,False,False,False,False,False,False,False,False,False,False,False,False,False,False,False,False,False,False,True,False,False,87.86
2015/1/11 22:51,1.3757310602541222,1.754360945428076,-0.6058525251159624,-1.2214315606792772,0.5560696729765745,True,False,False,False,False,False,False,False,False,False,False,False,False,False,False,False,False,False,True,False,False,False,False,False,False,False,False,False,False,False,False,False,False,False,False,False,False,False,False,False,False,True,False,89.0
2015/1/11 23:51,1.3757310602541222,1.754360945428076,-0.6058525251159624,-1.2214315606792772,0.5560696729765745,True,False,False,False,False,False,False,False,False,False,False,False,False,False,False,False,False,False,True,False,False,False,False,False,False,False,False,False,False,False,False,False,False,False,False,False,False,False,False,False,False,False,True,89.96
